{
  "10": {
    "5": {
      "num_records": 2,
      "avg_translation": [
        0.11822608618155495,
        0.1008723910965544,
        0.5618200760125651
      ],
      "avg_rotation_matrix": [
        [
          0.17478997759909548,
          0.9450493837992265,
          0.26095529037678894
        ],
        [
          -0.9809914154562807,
          0.14490069888295165,
          0.10834093506454488
        ],
        [
          0.06355152719713816,
          -0.2754987091599923,
          0.9524269726657306
        ]
      ],
      "avg_angle": [
        -0.2819170161880353,
        -0.06368326449446858,
        -1.3944132776930505
      ],
      "avg_area": 23709.24516345095,
      "avg_center": [
        654.5,
        517.0
      ],
      "avg_offset": [
        174.5,
        157.0
      ]
    }
  },
  "2": {
    "13": {
      "num_records": 10,
      "avg_translation": [
        -0.11881380992579786,
        -0.3266653046662916,
        1.3070187921273186
      ],
      "avg_rotation_matrix": [
        [
          0.7403132797194457,
          0.6622549349378518,
          0.11219169848591433
        ],
        [
          -0.6534150080735702,
          0.7487420137416564,
          -0.10787622199687756
        ],
        [
          -0.15562774418277622,
          0.00651328239114059,
          0.987068810086569
        ]
      ],
      "avg_angle": [
        0.0065865029060562085,
        0.15632007711031642,
        -0.7231363978271348
      ],
      "avg_area": 4213.018799502752,
      "avg_center": [
        375.5,
        120.5
      ],
      "avg_offset": [
        -104.5,
        -239.5
      ]
    }
  },
  "3": {
    "3": {
      "num_records": 9,
      "avg_translation": [
        0.008084800358674503,
        0.46756170968905875,
        1.4970808470849495
      ],
      "avg_rotation_matrix": [
        [
          0.05181406846173943,
          -0.9844833637495023,
          -0.16697448196036435
        ],
        [
          0.9963742838126449,
          0.06201745118340948,
          -0.05655106226035869
        ],
        [
          0.06596925509070942,
          -0.16342245175919992,
          0.9843078361920838
        ]
      ],
      "avg_angle": [
        -0.16452626714307803,
        -0.06601792357439733,
        1.5188383155225547
      ],
      "avg_area": 3087.8529190243116,
      "avg_center": [
        464.44444444444446,
        637.5555555555555
      ],
      "avg_offset": [
        -15.555555555555555,
        277.55555555555554
      ]
    },
    "4": {
      "num_records": 9,
      "avg_translation": [
        -0.4129223428547164,
        -0.1741685613048567,
        3.5273490711859767
      ],
      "avg_rotation_matrix": [
        [
          0.05473790759672427,
          0.9698254900494496,
          -0.01842086528439871
        ],
        [
          -0.9947863687578873,
          0.06570476692040098,
          -0.05289567459494457
        ],
        [
          -0.05228259071772708,
          0.021783985402771197,
          0.9684862973560732
        ]
      ],
      "avg_angle": [
        0.023279561037008723,
        0.052411520225914866,
        -1.51581709098184
      ],
      "avg_area": 560.3536276316995,
      "avg_center": [
        351.6666666666667,
        305.44444444444446
      ],
      "avg_offset": [
        -128.33333333333334,
        -54.55555555555556
      ]
    }
  },
  "4": {
    "4": {
      "num_records": 11,
      "avg_translation": [
        -0.43048534385292714,
        -0.18285284686886588,
        1.1951252532761447
      ],
      "avg_rotation_matrix": [
        [
          0.02342397446280167,
          0.9808770987948826,
          0.18439720847575955
        ],
        [
          -0.9836075402889922,
          0.05471698491550407,
          -0.16547953061881782
        ],
        [
          -0.17321374123463168,
          -0.17841576912752588,
          0.9667544146314975
        ]
      ],
      "avg_angle": [
        -0.1825682334998006,
        0.17419485852114408,
        -1.5471294002506226
      ],
      "avg_area": 4662.703260089567,
      "avg_center": [
        127.18181818181819,
        210.63636363636363
      ],
      "avg_offset": [
        -352.8181818181818,
        -149.36363636363637
      ]
    },
    "10": {
      "num_records": 7,
      "avg_translation": [
        0.3898887294545455,
        0.7032771443457305,
        2.8671635223907956
      ],
      "avg_rotation_matrix": [
        [
          0.10209448815965272,
          -0.7745401131208107,
          0.4318852709420315
        ],
        [
          0.5539552461349924,
          0.5619861806820581,
          0.43201132846176066
        ],
        [
          -0.8232079846234395,
          0.28194935279149325,
          0.3706911855880167
        ]
      ],
      "avg_angle": [
        0.7459068448063525,
        0.9676162404074985,
        1.3873007883997395
      ],
      "avg_area": 631.570407680768,
      "avg_center": [
        584.5714285714286,
        576.4285714285714
      ],
      "avg_offset": [
        104.57142857142857,
        216.42857142857142
      ]
    },
    "12": {
      "num_records": 15,
      "avg_translation": [
        0.11538403200823164,
        0.48723455208346456,
        3.357417560415152
      ],
      "avg_rotation_matrix": [
        [
          0.9703598651673794,
          -0.14021733756634477,
          0.027589787284501528
        ],
        [
          0.18647186344111527,
          0.9187473641249366,
          0.14473302936085156
        ],
        [
          -0.05686985901055348,
          -0.14010835880685,
          0.9179275950717639
        ]
      ],
      "avg_angle": [
        -0.1479619023083788,
        0.057423144106857886,
        0.190046851025072
      ],
      "avg_area": 603.9253678892429,
      "avg_center": [
        490.4,
        484.8666666666667
      ],
      "avg_offset": [
        10.4,
        124.86666666666666
      ]
    },
    "8": {
      "num_records": 8,
      "avg_translation": [
        0.37367716972966114,
        0.1667747971296979,
        0.8902659316760313
      ],
      "avg_rotation_matrix": [
        [
          0.9578639890390974,
          0.006550840288816062,
          0.27939340063337786
        ],
        [
          -0.014476014312428308,
          0.9978724353145205,
          0.018421362491525855
        ],
        [
          -0.27955923721647963,
          -0.02180150294016559,
          0.9562415819319163
        ]
      ],
      "avg_angle": [
        -0.023335863955177668,
        0.2838190111447918,
        -0.01526487920780332
      ],
      "avg_area": 9784.8522238601,
      "avg_center": [
        845.25,
        524.0
      ],
      "avg_offset": [
        365.25,
        164.0
      ]
    }
  },
  "5": {
    "5": {
      "num_records": 5,
      "avg_translation": [
        0.28979751258747455,
        -0.020762959391261597,
        1.0005205844746257
      ],
      "avg_rotation_matrix": [
        [
          0.008142908875722523,
          -0.9922283353708584,
          0.12316450029540635
        ],
        [
          0.9855353406797736,
          -0.012875044808782293,
          -0.1686220786220992
        ],
        [
          0.1689104340499468,
          0.12275314984884982,
          0.9777808255857666
        ]
      ],
      "avg_angle": [
        0.1248939046656706,
        -0.16973343307382183,
        1.5625339978872883
      ],
      "avg_area": 7280.507230698689,
      "avg_center": [
        726.2,
        331.8
      ],
      "avg_offset": [
        246.2,
        -28.2
      ]
    }
  },
  "6": {
    "10": {
      "num_records": 4,
      "avg_translation": [
        0.2558477131837961,
        -0.14441506049933203,
        0.7812075204406153
      ],