{
  "1": {
    "0": {
      "num_records": 21,
      "avg_translation": [
        0.018003750604716144,
        -0.15231043574371939,
        1.3252902954829309
      ],
      "avg_rotation_matrix": [
        [
          0.9950831947197238,
          0.0891188049913524,
          0.038886162682269694
        ],
        [
          -0.07234616023490327,
          0.9463519897335224,
          -0.3145745773101051
        ],
        [
          -0.06483615543009824,
          0.3102653450735876,
          0.9481426809885537
        ]
      ],
      "avg_angle": [
        0.316258162176512,
        0.06489290316492273,
        -0.07257248098922034
      ],
      "avg_area": 4125.5130154448225,
      "avg_center": [
        472.8095238095238,
        243.14285714285714
      ],
      "avg_offset": [
        -7.190476190476191,
        -116.85714285714286
      ]
    }
  },
  "2": {
    "0": {
      "num_records": 11,
      "avg_translation": [
        0.01215368592871374,
        0.19342862014538065,
        0.6391320051445789
      ],
      "avg_rotation_matrix": [
        [
          0.9942339207167009,
          0.05642349448163791,
          -0.09113843158143893
        ],
        [
          -0.08207158113868773,
          0.9475821269681762,
          -0.30875114887064525
        ],
        [
          0.06894410611886927,
          0.3144551919503878,
          0.946750248980247
        ]
      ],
      "avg_angle": [
        0.32067712248937,
        -0.06899909747779484,
        -0.08236104629475303
      ],
      "avg_area": 15151.744661177678,
      "avg_center": [
        478.0,
        630.5454545454545
      ],
      "avg_offset": [
        -2.0,
        270.54545454545456
      ]
    },
    "1": {
      "num_records": 15,
      "avg_translation": [
        0.43777637668504094,
        -0.239914971926494,
        1.0530124607961933
      ],
      "avg_rotation_matrix": [
        [
          0.03091491305897883,
          -0.9971148035309293,
          -0.06865140245876514
        ],
        [
          0.9803159398275655,
          0.043398591562195755,
          -0.19130503547778813
        ],
        [
          0.19375443254255603,
          -0.0614247666205798,
          0.9788278119704258
        ]
      ],
      "avg_angle": [
        -0.06264026906263333,
        -0.1950322380039804,
        1.5392725294821339
      ],
      "avg_area": 6540.602932494134,
      "avg_center": [
        845.3333333333334,
        140.4
      ],
      "avg_offset": [
        365.3333333333333,
        -219.6
      ]
    }
  },
  "3": {
    "2": {
      "num_records": 22,
      "avg_translation": [
        0.3461930395490505,
        -0.08648841995016665,
        0.9916671362526469
      ],
      "avg_rotation_matrix": [
        [
          0.844173653603768,
          -0.5267251489647496,
          0.09934430870061693
        ],
        [
          0.5358852430247592,
          0.8264681933180577,
          -0.17196857503882487
        ],
        [
          0.008456043309596333,
          0.1984430235427574,
          0.9799505454083047
        ]
      ],
      "avg_angle": [
        0.19980149782881024,
        -0.008456499777006361,
        0.5656185117617599
      ],
      "avg_area": 7512.9549723540395,
      "avg_center": [
        781.6363636363636,
        270.1818181818182
      ],
      "avg_offset": [
        301.6363636363636,
        -89.81818181818181
      ]
    },
    "3": {
      "num_records": 9,
      "avg_translation": [
        0.2834243898090439,
        -0.42292818584555425,
        2.216517580370685
      ],
      "avg_rotation_matrix": [
        [
          0.8874461979004673,
          -0.4152771746962925,
          0.18251732524114095
        ],
        [
          0.4084622061247733,
          0.9042506113548142,
          0.03615991752878466
        ],
        [
          -0.18062716475422708,
          0.04389770349389911,
          0.9721059512314252
        ]
      ],
      "avg_angle": [
        0.044471531708626756,
        0.1822452450917322,
        0.431332816348734
      ],
      "avg_area": 1440.441006949068,
      "avg_center": [
        576.7777777777778,
        175.33333333333334
      ],
      "avg_offset": [
        96.77777777777777,
        -184.66666666666666
      ]
    }
  },
  "4": {
    "3": {
      "num_records": 23,
      "avg_translation": [
        0.4161412179079069,
        -0.6061669436972188,
        2.153727659219791
      ],
      "avg_rotation_matrix": [
        [
          0.9074690714115728,
          -0.3991557857475559,
          0.0572190860193407
        ],
        [
          0.4133870775545078,
          0.8851000509092384,
          -0.18644266972160198
        ],
        [
          0.0258064129351825,
          0.1940366693307542,
          0.9682109073140874
        ]
      ],
      "avg_angle": [
        0.19877879573524823,
        -0.025780481006592738,
        0.427507038530121
      ],
      "avg_area": 1594.2345853617983,
      "avg_center": [
        637.6086956521739,
        92.0
      ],
      "avg_offset": [
        157.6086956521739,
        -268.0
      ]
    }
  }
}